{"epoch": 5, "batch": 1621, "train_loss": 0.8552640676498413, "train_accuracy": 0.75, "_timestamp": 1686191898.176401, "_runtime": 1006.8098709583282, "_step": 1624}